-- phpMyAdmin SQL Dump
-- version 5.2.0
-- https://www.phpmyadmin.net/
--
-- Host: localhost:3306
-- Waktu pembuatan: 26 Sep 2023 pada 08.36
-- Versi server: 5.7.33
-- Versi PHP: 8.1.22

SET SQL_MODE = "NO_AUTO_VALUE_ON_ZERO";
START TRANSACTION;
SET time_zone = "+00:00";


/*!40101 SET @OLD_CHARACTER_SET_CLIENT=@@CHARACTER_SET_CLIENT */;
/*!40101 SET @OLD_CHARACTER_SET_RESULTS=@@CHARACTER_SET_RESULTS */;
/*!40101 SET @OLD_COLLATION_CONNECTION=@@COLLATION_CONNECTION */;
/*!40101 SET NAMES utf8mb4 */;

--
-- Database: `kppn2`
--

-- --------------------------------------------------------

--
-- Struktur dari tabel `tb_kl`
--

CREATE TABLE `tb_kl` (
  `id` int(11) NOT NULL,
  `kode_ba` varchar(255) DEFAULT NULL,
  `kode_akun` varchar(255) DEFAULT NULL,
  `kode_kab` varchar(255) DEFAULT NULL,
  `blokir` varchar(255) DEFAULT NULL,
  `kontrak` varchar(255) DEFAULT NULL,
  `pagu` varchar(255) DEFAULT NULL,
  `realisasi` varchar(255) DEFAULT NULL,
  `bulan` varchar(255) DEFAULT NULL,
  `tahun` varchar(255) DEFAULT NULL,
  `created_at` timestamp NOT NULL,
  `updated_at` timestamp NOT NULL ON UPDATE CURRENT_TIMESTAMP
) ENGINE=InnoDB DEFAULT CHARSET=latin1;

--
-- Dumping data untuk tabel `tb_kl`
--

INSERT INTO `tb_kl` (`id`, `kode_ba`, `kode_akun`, `kode_kab`, `blokir`, `kontrak`, `pagu`, `realisasi`, `bulan`, `tahun`, `created_at`, `updated_at`) VALUES
(1, '5', '5', '1306', '0', '0', '6138446000', '432761094', 'januari', '2023', '2023-09-26 00:45:36', '2023-09-26 00:45:36'),
(2, '5', '5', '1306', '0', '23333360', '2457438000', '26695986', 'januari', '2023', '2023-09-26 00:45:36', '2023-09-26 00:45:36'),
(3, '5', '5', '1306', '0', '0', '28000000', '0', 'januari', '2023', '2023-09-26 00:45:36', '2023-09-26 00:45:36'),
(4, '6', '6', '1306', '0', '0', '4899019000', '181783640', 'januari', '2023', '2023-09-26 00:45:36', '2023-09-26 00:45:36'),
(5, '6', '6', '1306', '0', '0', '2811771000', '58762600', 'januari', '2023', '2023-09-26 00:45:36', '2023-09-26 00:45:36'),
(6, '6', '6', '1306', '0', '0', '119200000', '0', 'januari', '2023', '2023-09-26 00:45:36', '2023-09-26 00:45:36'),
(7, '13', '13', '1306', '0', '0', '5385359000', '344441559', 'januari', '2023', '2023-09-26 00:45:36', '2023-09-26 00:45:36'),
(8, '13', '13', '1306', '0', '3667514163', '18703930000', '786969662', 'januari', '2023', '2023-09-26 00:45:36', '2023-09-26 00:45:36'),
(9, '13', '13', '1306', '0', '0', '528647000', '0', 'januari', '2023', '2023-09-26 00:45:36', '2023-09-26 00:45:36'),
(10, '15', '15', '1306', '0', '0', '858299000', '45220000', 'januari', '2023', '2023-09-26 00:45:36', '2023-09-26 00:45:36'),
(11, '15', '15', '1306', '0', '0', '7638754000', '136568910', 'januari', '2023', '2023-09-26 00:45:36', '2023-09-26 00:45:36'),
(12, '15', '15', '1306', '0', '0', '28500000', '0', 'januari', '2023', '2023-09-26 00:45:36', '2023-09-26 00:45:36'),
(13, '22', '22', '1306', '0', '0', '7869647000', '567496621', 'januari', '2023', '2023-09-26 00:45:36', '2023-09-26 00:45:36'),
(14, '22', '22', '1306', '0', '0', '13322106000', '499334548', 'januari', '2023', '2023-09-26 00:45:36', '2023-09-26 00:45:36'),
(15, '22', '22', '1306', '0', '11140544283', '51000000000', '0', 'januari', '2023', '2023-09-26 00:45:36', '2023-09-26 00:45:36'),
(16, '23', '23', '1306', '0', '0', '10736868000', '373162180', 'januari', '2023', '2023-09-26 00:45:36', '2023-09-26 00:45:36'),
(17, '23', '23', '1306', '0', '0', '14237963000', '60207661', 'januari', '2023', '2023-09-26 00:45:36', '2023-09-26 00:45:36'),
(18, '23', '23', '1306', '0', '0', '2335341000', '0', 'januari', '2023', '2023-09-26 00:45:36', '2023-09-26 00:45:36'),
(19, '25', '25', '1306', '0', '0', '42349754000', '1231587883', 'januari', '2023', '2023-09-26 00:45:36', '2023-09-26 00:45:36'),
(20, '25', '25', '1311', '0', '0', '10643196000', '271342139', 'januari', '2023', '2023-09-26 00:45:36', '2023-09-26 00:45:36'),
(21, '25', '25', '1306', '0', '0', '8609170000', '342345674', 'januari', '2023', '2023-09-26 00:45:36', '2023-09-26 00:45:36'),
(22, '25', '25', '1311', '0', '0', '3506498000', '49247095', 'januari', '2023', '2023-09-26 00:45:36', '2023-09-26 00:45:36'),
(23, '25', '25', '1306', '0', '0', '389305000', '9999370', 'januari', '2023', '2023-09-26 00:45:36', '2023-09-26 00:45:36'),
(24, '25', '25', '1311', '0', '0', '575334000', '0', 'januari', '2023', '2023-09-26 00:45:36', '2023-09-26 00:45:36'),
(25, '29', '29', '1306', '0', '0', '5646971000', '223708384', 'januari', '2023', '2023-09-26 00:45:36', '2023-09-26 00:45:36'),
(26, '29', '29', '1306', '30315000', '0', '6509588000', '110510818', 'januari', '2023', '2023-09-26 00:45:36', '2023-09-26 00:45:36'),
(27, '29', '29', '1306', '0', '195997802', '1130227000', '0', 'januari', '2023', '2023-09-26 00:45:36', '2023-09-26 00:45:36'),
(28, '32', '32', '1311', '0', '0', '2183225000', '64225281', 'januari', '2023', '2023-09-26 00:45:36', '2023-09-26 00:45:36'),
(29, '32', '32', '1311', '298165000', '231266560', '5529146000', '0', 'januari', '2023', '2023-09-26 00:45:36', '2023-09-26 00:45:36'),
(30, '32', '32', '1311', '0', '0', '325900000', '0', 'januari', '2023', '2023-09-26 00:45:36', '2023-09-26 00:45:36'),
(31, '54', '54', '1306', '0', '0', '3451854000', '230262977', 'januari', '2023', '2023-09-26 00:45:36', '2023-09-26 00:45:36'),
(32, '54', '54', '1311', '0', '0', '2490441000', '177508129', 'januari', '2023', '2023-09-26 00:45:36', '2023-09-26 00:45:36'),
(33, '54', '54', '1306', '753022000', '0', '10431221000', '0', 'januari', '2023', '2023-09-26 00:45:36', '2023-09-26 00:45:36'),
(34, '54', '54', '1311', '689246000', '0', '4506790000', '4476562', 'januari', '2023', '2023-09-26 00:45:36', '2023-09-26 00:45:36'),
(35, '56', '56', '1306', '0', '0', '1858128000', '123202304', 'januari', '2023', '2023-09-26 00:45:36', '2023-09-26 00:45:36'),
(36, '56', '56', '1311', '0', '0', '1192702000', '65023955', 'januari', '2023', '2023-09-26 00:45:36', '2023-09-26 00:45:36'),
(37, '56', '56', '1306', '69135000', '0', '6265813000', '31483048', 'januari', '2023', '2023-09-26 00:45:36', '2023-09-26 00:45:36'),
(38, '56', '56', '1311', '0', '6600000', '3277624000', '78000000', 'januari', '2023', '2023-09-26 00:45:36', '2023-09-26 00:45:36'),
(39, '56', '56', '1306', '0', '418806000', '1003736000', '0', 'januari', '2023', '2023-09-26 00:45:36', '2023-09-26 00:45:36'),
(40, '56', '56', '1311', '0', '1320248000', '1998676000', '0', 'januari', '2023', '2023-09-26 00:45:36', '2023-09-26 00:45:36'),
(41, '60', '60', '1306', '0', '0', '43519612000', '3197772004', 'januari', '2023', '2023-09-26 00:45:36', '2023-09-26 00:45:36'),
(42, '60', '60', '1311', '0', '0', '19341512000', '1430837618', 'januari', '2023', '2023-09-26 00:45:36', '2023-09-26 00:45:36'),
(43, '60', '60', '1306', '0', '1191239084', '17788490000', '577403623', 'januari', '2023', '2023-09-26 00:45:36', '2023-09-26 00:45:36'),
(44, '60', '60', '1311', '0', '666342500', '9439739000', '29526500', 'januari', '2023', '2023-09-26 00:45:36', '2023-09-26 00:45:36'),
(45, '60', '60', '1306', '0', '0', '20000000', '0', 'januari', '2023', '2023-09-26 00:45:36', '2023-09-26 00:45:36'),
(46, '60', '60', '1311', '0', '1122406740', '4090845000', '0', 'januari', '2023', '2023-09-26 00:45:36', '2023-09-26 00:45:36'),
(47, '75', '75', '1306', '0', '0', '1203390000', '28171548', 'januari', '2023', '2023-09-26 00:45:36', '2023-09-26 00:45:36'),
(48, '75', '75', '1306', '26380000', '0', '646698000', '23826295', 'januari', '2023', '2023-09-26 00:45:36', '2023-09-26 00:45:36'),
(49, '75', '75', '1306', '0', '0', '201800000', '0', 'januari', '2023', '2023-09-26 00:45:36', '2023-09-26 00:45:36'),
(50, '76', '76', '1306', '0', '0', '2120001000', '106551516', 'januari', '2023', '2023-09-26 00:45:36', '2023-09-26 00:45:36'),
(51, '76', '76', '1311', '0', '0', '1951052000', '101067599', 'januari', '2023', '2023-09-26 00:45:36', '2023-09-26 00:45:36'),
(52, '76', '76', '1306', '0', '0', '37615427000', '0', 'januari', '2023', '2023-09-26 00:45:36', '2023-09-26 00:45:36'),
(53, '76', '76', '1311', '0', '0', '9251608000', '222258300', 'januari', '2023', '2023-09-26 00:45:36', '2023-09-26 00:45:36'),
(54, '76', '76', '1306', '0', '0', '55229000', '0', 'januari', '2023', '2023-09-26 00:45:36', '2023-09-26 00:45:36'),
(55, '76', '76', '1311', '0', '0', '51560000', '0', 'januari', '2023', '2023-09-26 00:45:36', '2023-09-26 00:45:36'),
(56, '115', '115', '1306', '0', '0', '1048261000', '66304007', 'januari', '2023', '2023-09-26 00:45:36', '2023-09-26 00:45:36'),
(57, '115', '115', '1306', '93398000', '0', '20568921000', '210438543', 'januari', '2023', '2023-09-26 00:45:36', '2023-09-26 00:45:36'),
(58, '115', '115', '1306', '36036000', '0', '227490000', '0', 'januari', '2023', '2023-09-26 00:45:36', '2023-09-26 00:45:36'),
(59, '999', '999', '1306', '0', '0', '272274894000', '30799346400', 'januari', '2023', '2023-09-26 00:45:36', '2023-09-26 00:45:36'),
(60, '999', '999', '1311', '0', '0', '36738750000', '4577800350', 'januari', '2023', '2023-09-26 00:45:36', '2023-09-26 00:45:36'),
(61, '999', '999', '1306', '0', '0', '1091068698000', '101954838000', 'januari', '2023', '2023-09-26 00:45:36', '2023-09-26 00:45:36'),
(62, '999', '999', '1311', '0', '0', '461704891000', '52216124000', 'januari', '2023', '2023-09-26 00:45:36', '2023-09-26 00:45:36'),
(63, '999', '999', '1306', '461704891000', '0', '119557165000', '0', 'januari', '2023', '2023-09-26 00:45:36', '2023-09-26 00:45:36'),
(64, '999', '999', '1311', '0', '0', '63618291000', '0', 'januari', '2023', '2023-09-26 00:45:36', '2023-09-26 00:45:36'),
(65, '999', '999', '1311', '0', '0', '9943767000', '0', 'januari', '2023', '2023-09-26 00:45:36', '2023-09-26 00:45:36'),
(66, '999', '999', '1306', '0', '0', '278677317000', '0', 'januari', '2023', '2023-09-26 00:45:36', '2023-09-26 00:45:36'),
(67, '999', '999', '1311', '0', '0', '78311301000', '0', 'januari', '2023', '2023-09-26 00:45:36', '2023-09-26 00:45:36'),
(68, '999', '999', '1306', '0', '0', '247797914000', '0', 'januari', '2023', '2023-09-26 00:45:36', '2023-09-26 00:45:36'),
(69, '999', '999', '1311', '0', '0', '42952219000', '0', 'januari', '2023', '2023-09-26 00:45:36', '2023-09-26 00:45:36'),
(70, '5', '5', '1306', '0', '0', '6138446000', '440244058', 'february', '2023', '2023-09-26 00:45:36', '2023-09-26 00:45:36'),
(71, '5', '5', '1306', '0', '23333360', '2457438000', '187170300', 'february', '2023', '2023-09-26 00:45:36', '2023-09-26 00:45:36'),
(72, '5', '5', '1306', '0', '0', '28000000', '0', 'february', '2023', '2023-09-26 00:45:36', '2023-09-26 00:45:36'),
(73, '6', '6', '1306', '0', '0', '4899019000', '365874842', 'february', '2023', '2023-09-26 00:45:36', '2023-09-26 00:45:36'),
(74, '6', '6', '1306', '0', '0', '2811771000', '145423450', 'february', '2023', '2023-09-26 00:45:36', '2023-09-26 00:45:36'),
(75, '6', '6', '1306', '0', '0', '119200000', '119200000', 'february', '2023', '2023-09-26 00:45:36', '2023-09-26 00:45:36'),
(76, '13', '13', '1306', '0', '0', '5385359000', '420293603', 'february', '2023', '2023-09-26 00:45:36', '2023-09-26 00:45:36'),
(77, '13', '13', '1306', '0', '3667514163', '18703930000', '1628434918', 'february', '2023', '2023-09-26 00:45:36', '2023-09-26 00:45:36'),
(78, '13', '13', '1306', '0', '0', '528647000', '0', 'february', '2023', '2023-09-26 00:45:36', '2023-09-26 00:45:36'),
(79, '15', '15', '1306', '0', '0', '858299000', '59129000', 'february', '2023', '2023-09-26 00:45:36', '2023-09-26 00:45:36'),
(80, '15', '15', '1306', '0', '0', '7638754000', '534759935', 'february', '2023', '2023-09-26 00:45:36', '2023-09-26 00:45:36'),
(81, '15', '15', '1306', '0', '0', '28500000', '0', 'february', '2023', '2023-09-26 00:45:36', '2023-09-26 00:45:36'),
(82, '22', '22', '1306', '0', '0', '7869647000', '623910977', 'february', '2023', '2023-09-26 00:45:36', '2023-09-26 00:45:36'),
(83, '22', '22', '1306', '0', '0', '13322106000', '975254208', 'february', '2023', '2023-09-26 00:45:36', '2023-09-26 00:45:36'),
(84, '22', '22', '1306', '0', '11140544283', '51000000000', '7779600000', 'february', '2023', '2023-09-26 00:45:36', '2023-09-26 00:45:36'),
(85, '23', '23', '1306', '0', '0', '10736868000', '723502845', 'february', '2023', '2023-09-26 00:45:36', '2023-09-26 00:45:36'),
(86, '23', '23', '1306', '0', '0', '14237963000', '788505636', 'february', '2023', '2023-09-26 00:45:36', '2023-09-26 00:45:36'),
(87, '23', '23', '1306', '0', '0', '2335341000', '139840000', 'february', '2023', '2023-09-26 00:45:36', '2023-09-26 00:45:36'),
(88, '25', '25', '1306', '0', '0', '42349754000', '1797104392', 'february', '2023', '2023-09-26 00:45:36', '2023-09-26 00:45:36'),
(89, '25', '25', '1311', '0', '0', '10643196000', '473352422', 'february', '2023', '2023-09-26 00:45:36', '2023-09-26 00:45:36'),
(90, '25', '25', '1306', '0', '0', '8609170000', '808393289', 'february', '2023', '2023-09-26 00:45:36', '2023-09-26 00:45:36'),
(91, '25', '25', '1311', '0', '0', '3506498000', '538831201', 'february', '2023', '2023-09-26 00:45:36', '2023-09-26 00:45:36'),
(92, '25', '25', '1306', '0', '0', '389305000', '217653000', 'february', '2023', '2023-09-26 00:45:36', '2023-09-26 00:45:36'),
(93, '25', '25', '1311', '0', '0', '575334000', '310874000', 'february', '2023', '2023-09-26 00:45:36', '2023-09-26 00:45:36'),
(94, '29', '29', '1306', '0', '0', '5646971000', '416883575', 'february', '2023', '2023-09-26 00:45:36', '2023-09-26 00:45:36'),
(95, '29', '29', '1306', '30315000', '0', '6509588000', '754102531', 'february', '2023', '2023-09-26 00:45:36', '2023-09-26 00:45:36'),
(96, '29', '29', '1306', '0', '195997802', '1130227000', '6745945', 'february', '2023', '2023-09-26 00:45:36', '2023-09-26 00:45:36'),
(97, '32', '32', '1311', '0', '0', '2183225000', '144462623', 'february', '2023', '2023-09-26 00:45:36', '2023-09-26 00:45:36'),
(98, '32', '32', '1311', '298165000', '231266560', '5529146000', '350991659', 'february', '2023', '2023-09-26 00:45:36', '2023-09-26 00:45:36'),
(99, '32', '32', '1311', '0', '0', '325900000', '0', 'february', '2023', '2023-09-26 00:45:36', '2023-09-26 00:45:36'),
(100, '54', '54', '1306', '0', '0', '3451854000', '255675075', 'february', '2023', '2023-09-26 00:45:36', '2023-09-26 00:45:36'),
(101, '54', '54', '1311', '0', '0', '2490441000', '181979050', 'february', '2023', '2023-09-26 00:45:36', '2023-09-26 00:45:36'),
(102, '54', '54', '1306', '753022000', '0', '10431221000', '341562858', 'february', '2023', '2023-09-26 00:45:36', '2023-09-26 00:45:36'),
(103, '54', '54', '1311', '689246000', '0', '4506790000', '191551271', 'february', '2023', '2023-09-26 00:45:36', '2023-09-26 00:45:36'),
(104, '56', '56', '1306', '0', '0', '1858128000', '123299304', 'february', '2023', '2023-09-26 00:45:36', '2023-09-26 00:45:36'),
(105, '56', '56', '1311', '0', '0', '1192702000', '73106955', 'february', '2023', '2023-09-26 00:45:36', '2023-09-26 00:45:36'),
(106, '56', '56', '1306', '69135000', '0', '6265813000', '275334690', 'february', '2023', '2023-09-26 00:45:36', '2023-09-26 00:45:36'),
(107, '56', '56', '1311', '0', '6600000', '3277624000', '95134500', 'february', '2023', '2023-09-26 00:45:36', '2023-09-26 00:45:36'),
(108, '56', '56', '1306', '0', '418806000', '1003736000', '0', 'february', '2023', '2023-09-26 00:45:36', '2023-09-26 00:45:36'),
(109, '56', '56', '1311', '0', '1320248000', '1998676000', '0', 'february', '2023', '2023-09-26 00:45:36', '2023-09-26 00:45:36'),
(110, '60', '60', '1306', '0', '0', '43519612000', '3095546120', 'february', '2023', '2023-09-26 00:45:36', '2023-09-26 00:45:36'),
(111, '60', '60', '1311', '0', '0', '19341512000', '1387793164', 'february', '2023', '2023-09-26 00:45:36', '2023-09-26 00:45:36'),
(112, '60', '60', '1306', '0', '1191239084', '17788490000', '2221640918', 'february', '2023', '2023-09-26 00:45:36', '2023-09-26 00:45:36'),
(113, '60', '60', '1311', '0', '666342500', '9439739000', '1123509583', 'february', '2023', '2023-09-26 00:45:36', '2023-09-26 00:45:36'),
(114, '60', '60', '1306', '0', '0', '20000000', '0', 'february', '2023', '2023-09-26 00:45:36', '2023-09-26 00:45:36'),
(115, '60', '60', '1311', '0', '1122406740', '4090845000', '128801300', 'february', '2023', '2023-09-26 00:45:36', '2023-09-26 00:45:36'),
(116, '75', '75', '1306', '0', '0', '1203390000', '81272766', 'february', '2023', '2023-09-26 00:45:36', '2023-09-26 00:45:36'),
(117, '75', '75', '1306', '26380000', '0', '646698000', '68554519', 'february', '2023', '2023-09-26 00:45:36', '2023-09-26 00:45:36'),
(118, '75', '75', '1306', '0', '0', '201800000', '19975000', 'february', '2023', '2023-09-26 00:45:36', '2023-09-26 00:45:36'),
(119, '76', '76', '1306', '0', '0', '2120001000', '146822921', 'february', '2023', '2023-09-26 00:45:36', '2023-09-26 00:45:36'),
(120, '76', '76', '1311', '0', '0', '1951052000', '150689240', 'february', '2023', '2023-09-26 00:45:36', '2023-09-26 00:45:36'),
(121, '76', '76', '1306', '0', '0', '37615427000', '1454469000', 'february', '2023', '2023-09-26 00:45:36', '2023-09-26 00:45:36'),
(122, '76', '76', '1311', '0', '0', '9251608000', '585527947', 'february', '2023', '2023-09-26 00:45:36', '2023-09-26 00:45:36'),
(123, '76', '76', '1306', '0', '0', '55229000', '0', 'february', '2023', '2023-09-26 00:45:36', '2023-09-26 00:45:36'),
(124, '76', '76', '1311', '0', '0', '51560000', '0', 'february', '2023', '2023-09-26 00:45:36', '2023-09-26 00:45:36'),
(125, '115', '115', '1306', '0', '0', '1048261000', '82478077', 'february', '2023', '2023-09-26 00:45:36', '2023-09-26 00:45:36'),
(126, '115', '115', '1306', '93398000', '0', '20568921000', '1795075798', 'february', '2023', '2023-09-26 00:45:36', '2023-09-26 00:45:36'),
(127, '115', '115', '1306', '36036000', '0', '227490000', '0', 'february', '2023', '2023-09-26 00:45:36', '2023-09-26 00:45:36'),
(128, '999', '999', '1306', '0', '0', '272274894000', '0', 'february', '2023', '2023-09-26 00:45:36', '2023-09-26 00:45:36'),
(129, '999', '999', '1311', '0', '0', '36738750000', '0', 'february', '2023', '2023-09-26 00:45:36', '2023-09-26 00:45:36'),
(130, '999', '999', '1306', '0', '0', '1091068698000', '50977419000', 'february', '2023', '2023-09-26 00:45:36', '2023-09-26 00:45:36'),
(131, '999', '999', '1311', '0', '0', '461704891000', '26108062000', 'february', '2023', '2023-09-26 00:45:36', '2023-09-26 00:45:36'),
(132, '999', '999', '1306', '0', '0', '119557165000', '0', 'february', '2023', '2023-09-26 00:45:36', '2023-09-26 00:45:36'),
(133, '999', '999', '1311', '0', '0', '63618291000', '0', 'february', '2023', '2023-09-26 00:45:36', '2023-09-26 00:45:36'),
(134, '999', '999', '1311', '0', '0', '9943767000', '0', 'february', '2023', '2023-09-26 00:45:36', '2023-09-26 00:45:36'),
(135, '999', '999', '1306', '0', '0', '278677317000', '10081630000', 'february', '2023', '2023-09-26 00:45:36', '2023-09-26 00:45:36'),
(136, '999', '999', '1311', '0', '0', '78311301000', '114930000', 'february', '2023', '2023-09-26 00:45:36', '2023-09-26 00:45:36'),
(137, '999', '999', '1306', '0', '0', '247797914000', '25461498600', 'february', '2023', '2023-09-26 00:45:36', '2023-09-26 00:45:36'),
(138, '999', '999', '1311', '0', '0', '42952219000', '0', 'february', '2023', '2023-09-26 00:45:36', '2023-09-26 00:45:36');

-- --------------------------------------------------------

--
-- Struktur dari tabel `tb_kodeakun`
--

CREATE TABLE `tb_kodeakun` (
  `kode_akun` varchar(255) NOT NULL,
  `deskripsi` text,
  `created_at` timestamp NOT NULL DEFAULT CURRENT_TIMESTAMP,
  `updated_at` timestamp NOT NULL DEFAULT CURRENT_TIMESTAMP ON UPDATE CURRENT_TIMESTAMP
) ENGINE=InnoDB DEFAULT CHARSET=latin1;

--
-- Dumping data untuk tabel `tb_kodeakun`
--

INSERT INTO `tb_kodeakun` (`kode_akun`, `deskripsi`, `created_at`, `updated_at`) VALUES
('51', 'BELANJA PEGAWAI', '2023-09-25 01:26:39', '2023-09-25 01:26:39'),
('52', 'BELANJA BARANG DAN BARANG', '2023-09-25 01:26:39', '2023-09-25 01:26:39'),
('53', 'BELANJA MODAL', '2023-09-25 01:26:39', '2023-09-25 01:26:39'),
('61', 'BELANJA DANA BAGI HASIL', '2023-09-25 01:26:39', '2023-09-25 01:26:39'),
('62', 'BELANJA DANA ALOKASI UMUM', '2023-09-25 01:26:39', '2023-09-25 01:26:39'),
('63', 'BELANJA DANA ALOKASI KHUSUS FISIK', '2023-09-25 01:26:39', '2023-09-25 01:26:39'),
('64', 'BELANJA DANA OTONOMI KHUSUS, DANA KEISTIMEWAAN DAERAH ISTIMEWA YOGYAKARTA, DAN DANA INSENTIF DAERAH', '2023-09-25 01:26:39', '2023-09-25 01:26:39'),
('65', 'DANA ALOKASI KHUSUS NON FISIK', '2023-09-25 01:26:39', '2023-09-25 01:26:39'),
('66', 'BELANJA DANA DESA', '2023-09-25 01:26:39', '2023-09-25 01:26:39');

-- --------------------------------------------------------

--
-- Struktur dari tabel `tb_kodeba`
--

CREATE TABLE `tb_kodeba` (
  `kode_ba` varchar(255) NOT NULL,
  `deskripsi` text,
  `created_at` timestamp NOT NULL DEFAULT CURRENT_TIMESTAMP,
  `updated_at` timestamp NOT NULL DEFAULT CURRENT_TIMESTAMP ON UPDATE CURRENT_TIMESTAMP
) ENGINE=InnoDB DEFAULT CHARSET=latin1;

--
-- Dumping data untuk tabel `tb_kodeba`
--

INSERT INTO `tb_kodeba` (`kode_ba`, `deskripsi`, `created_at`, `updated_at`) VALUES
('005', 'MAHKAMAH AGUNG', '2023-09-25 01:32:49', '2023-09-25 01:32:49'),
('006', 'KEJAKSAAN REPUBLIK INDONESIA', '2023-09-25 01:32:49', '2023-09-25 01:32:49'),
('013', 'KEMENTERIAN HUKUM DAN HAK ASASI MANUSIA RI', '2023-09-25 01:32:49', '2023-09-25 01:32:49'),
('015', 'KEMENTERIAN KEUANGAN', '2023-09-25 01:32:49', '2023-09-25 01:32:49'),
('022', 'KEMENTERIAN PERHUBUNGAN', '2023-09-25 01:32:49', '2023-09-25 01:32:49'),
('023', 'KEMENTERIAN PENDIDIKAN NASIONAL', '2023-09-25 01:32:49', '2023-09-25 01:32:49'),
('025', 'KEMENTERIAN AGAMA', '2023-09-25 01:32:49', '2023-09-25 01:32:49'),
('029', 'KEMENTERIAN LINGKUNGAN HIDUP DAN KEHUTANAN', '2023-09-25 01:32:49', '2023-09-25 01:32:49'),
('032', 'KEMENTERIAN KELAUTAN DAN PERIKANAN', '2023-09-25 01:32:49', '2023-09-25 01:32:49'),
('054', 'BADAN PUSAT STATISTIK', '2023-09-25 01:32:49', '2023-09-25 01:32:49'),
('056', 'KEMENTERIAN AGRARIA DAN TATA RUANG/BPN', '2023-09-25 01:32:49', '2023-09-25 01:32:49'),
('060', 'KEPOLISIAN NEGARA REPUBLIK INDONESIA', '2023-09-25 01:32:49', '2023-09-25 01:32:49'),
('075', 'BADAN METEOROLOGI, KLIMATOLOGI DAN GEOFISIKA', '2023-09-25 01:32:49', '2023-09-25 01:32:49'),
('076', 'KOMISI PEMILIHAN UMUM', '2023-09-25 01:32:49', '2023-09-25 01:32:49'),
('115', 'BADAN PENGAWASAN PEMILIHAN UMUM', '2023-09-25 01:32:49', '2023-09-25 01:32:49');

-- --------------------------------------------------------

--
-- Struktur dari tabel `tb_kodekab`
--

CREATE TABLE `tb_kodekab` (
  `kode_kab` varchar(255) NOT NULL,
  `deskripsi` text,
  `created_at` timestamp NOT NULL DEFAULT CURRENT_TIMESTAMP,
  `updated_at` timestamp NOT NULL DEFAULT CURRENT_TIMESTAMP ON UPDATE CURRENT_TIMESTAMP
) ENGINE=InnoDB DEFAULT CHARSET=latin1;

--
-- Dumping data untuk tabel `tb_kodekab`
--

INSERT INTO `tb_kodekab` (`kode_kab`, `deskripsi`, `created_at`, `updated_at`) VALUES
('1306', 'KAB. KETAPANG', '2023-09-19 04:13:58', '2023-09-19 04:13:58'),
('1311', 'KAB. KAYONG UTARA', '2023-09-19 04:13:58', '2023-09-19 04:13:58');

-- --------------------------------------------------------

--
-- Struktur dari tabel `tb_pagu`
--

CREATE TABLE `tb_pagu` (
  `id` bigint(20) NOT NULL,
  `kode_ba` varchar(255) NOT NULL,
  `kode_akun` varchar(255) DEFAULT NULL,
  `kode_kab` varchar(255) DEFAULT NULL,
  `dipa` bigint(20) DEFAULT NULL,
  `created_at` timestamp NOT NULL DEFAULT CURRENT_TIMESTAMP,
  `updated_at` timestamp NOT NULL DEFAULT CURRENT_TIMESTAMP ON UPDATE CURRENT_TIMESTAMP
) ENGINE=InnoDB DEFAULT CHARSET=latin1;

-- --------------------------------------------------------

--
-- Struktur dari tabel `user`
--

CREATE TABLE `user` (
  `id` int(11) NOT NULL,
  `nama` varchar(255) DEFAULT NULL,
  `username` varchar(255) DEFAULT NULL,
  `email` varchar(255) DEFAULT NULL,
  `password` varchar(255) DEFAULT NULL,
  `remember_token` varchar(255) DEFAULT NULL,
  `created_at` timestamp NULL DEFAULT NULL,
  `updated_at` timestamp NOT NULL DEFAULT CURRENT_TIMESTAMP
) ENGINE=InnoDB DEFAULT CHARSET=utf8;

--
-- Dumping data untuk tabel `user`
--

INSERT INTO `user` (`id`, `nama`, `username`, `email`, `password`, `remember_token`, `created_at`, `updated_at`) VALUES
(1, 'APEL FUJI SUPER PREMIUM', NULL, 'arikkk@gmail.com', '$2y$10$fi/oli8v9LiMPrHFTpJx.uVKuVOXrOmGorGSReXTm7qtOVq3Z9XmS', NULL, '2023-09-23 08:12:31', '2023-09-23 08:12:31'),
(2, 'irsyad husain jauhariaa', NULL, 'jemi@gmail.comm,,,', '$2y$10$KjrbCm0UJJL8ZwZBN4SNgOsDxU4PVNGb4XEQb/ZsbNpfqpFIHzVmS', NULL, '2023-09-24 02:04:37', '2023-09-24 20:32:04');

--
-- Indexes for dumped tables
--

--
-- Indeks untuk tabel `tb_kl`
--
ALTER TABLE `tb_kl`
  ADD PRIMARY KEY (`id`);

--
-- Indeks untuk tabel `tb_kodeakun`
--
ALTER TABLE `tb_kodeakun`
  ADD PRIMARY KEY (`kode_akun`);

--
-- Indeks untuk tabel `tb_kodeba`
--
ALTER TABLE `tb_kodeba`
  ADD PRIMARY KEY (`kode_ba`);

--
-- Indeks untuk tabel `tb_kodekab`
--
ALTER TABLE `tb_kodekab`
  ADD PRIMARY KEY (`kode_kab`);

--
-- Indeks untuk tabel `tb_pagu`
--
ALTER TABLE `tb_pagu`
  ADD PRIMARY KEY (`id`);

--
-- Indeks untuk tabel `user`
--
ALTER TABLE `user`
  ADD PRIMARY KEY (`id`);

--
-- AUTO_INCREMENT untuk tabel yang dibuang
--

--
-- AUTO_INCREMENT untuk tabel `tb_kl`
--
ALTER TABLE `tb_kl`
  MODIFY `id` int(11) NOT NULL AUTO_INCREMENT, AUTO_INCREMENT=139;

--
-- AUTO_INCREMENT untuk tabel `tb_pagu`
--
ALTER TABLE `tb_pagu`
  MODIFY `id` bigint(20) NOT NULL AUTO_INCREMENT;

--
-- AUTO_INCREMENT untuk tabel `user`
--
ALTER TABLE `user`
  MODIFY `id` int(11) NOT NULL AUTO_INCREMENT, AUTO_INCREMENT=3;
COMMIT;

/*!40101 SET CHARACTER_SET_CLIENT=@OLD_CHARACTER_SET_CLIENT */;
/*!40101 SET CHARACTER_SET_RESULTS=@OLD_CHARACTER_SET_RESULTS */;
/*!40101 SET COLLATION_CONNECTION=@OLD_COLLATION_CONNECTION */;
